"","NO","YES"
"1",1,0
"2",0.142857142857143,0.857142857142857
"3",1,0
"4",0,1
"5",0,1
"6",0,1
"7",0,1
"8",0,1
"9",0,1
"10",0,1
"11",0,1
"12",0,1
"13",1,0
"14",1,0
"15",1,0
"16",0,1
"17",0.4,0.6
"18",0,1
"19",0.75,0.25
"20",0.25,0.75
"21",0,1
"22",1,0
"23",0,1
"24",0.375,0.625
"25",0,1
"26",1,0
